Name,births,domain
James,688,james.ie
Jack,684,jack.ie
Conor,558,conor.ie
Daniel,558,daniel.ie
Sean,501,sean.ie
Emily,490,emily.ie
Grace,452,grace.ie
Noah,446,noah.ie
Adam,400,adam.ie
Oisin,398,oisin.ie
Michael,394,michael.ie
Ava,388,ava.ie
Lucy,388,lucy.ie
Luke,375,luke.ie
Harry,374,harry.ie
Sophie,369,sophie.ie
Amelia,369,amelia.ie
Charlie,369,charlie.ie
Emma,365,emma.ie
Mia,357,mia.ie
Hannah,351,hannah.ie
Cian,344,cian.ie
Lily,334,lily.ie
Liam,333,liam.ie
Ella,331,ella.ie
Thomas,328,thomas.ie
Saoirse,324,saoirse.ie
Darragh,322,darragh.ie
Alex,320,alex.ie
Patrick,319,patrick.ie
Ryan,318,ryan.ie
Finn,314,finn.ie
Fionn,308,fionn.ie
Olivia,303,olivia.ie
Kate,302,kate.ie
Aoife,300,aoife.ie
Cillian,298,cillian.ie
Sarah,290,sarah.ie
Chloe,288,chloe.ie
Anna,288,anna.ie
Dylan,286,dylan.ie
Aaron,271,aaron.ie
John,269,john.ie
Jamie,267,jamie.ie
Caoimhe,256,caoimhe.ie
Ellie,254,ellie.ie
David,253,david.ie
Katie,251,katie.ie
Ben,250,ben.ie
Matthew,247,matthew.ie
Oliver,244,oliver.ie
Sophia,243,sophia.ie
Holly,239,holly.ie
Fiadh,235,fiadh.ie
Rian,231,rian.ie
Tadhg,228,tadhg.ie
Jake,225,jake.ie
Lauren,224,lauren.ie
Zoe,219,zoe.ie
Evan,216,evan.ie
Max,214,max.ie
Molly,210,molly.ie
Isabelle,202,isabelle.ie
Robyn,201,robyn.ie
Tom,197,tom.ie
Jacob,195,jacob.ie
Samuel,193,samuel.ie
Nathan,192,nathan.ie
Leah,191,leah.ie
Kyle,191,kyle.ie
Sadie,190,sadie.ie
Ethan,190,ethan.ie
Sam,190,sam.ie
Roisin,186,roisin.ie
Ruby,186,ruby.ie
Mason,186,mason.ie
Cara,181,cara.ie
Alice,181,alice.ie
Joshua,179,joshua.ie
Leo,179,leo.ie
Oscar,172,oscar.ie
Freya,168,freya.ie
Eva,166,eva.ie
Erin,165,erin.ie
Bobby,165,bobby.ie
Callum,162,callum.ie
Alexander,160,alexander.ie
Ciara,158,ciara.ie
Evie,158,evie.ie
Niamh,157,niamh.ie
Sofia,156,sofia.ie
William,155,william.ie
Joseph,153,joseph.ie
Aidan,152,aidan.ie
Charlotte,151,charlotte.ie
Ollie,150,ollie.ie
Alfie,149,alfie.ie
Layla,135,layla.ie
Eoin,135,eoin.ie
Amy,133,amy.ie
Eabha,133,eabha.ie
Faye,132,faye.ie
Robert,132,robert.ie
Jessica,131,jessica.ie
Logan,131,logan.ie
Julia,128,julia.ie
Eve,128,eve.ie
Benjamin,128,benjamin.ie
Leon,128,leon.ie
Odhran,128,odhran.ie
Senan,128,senan.ie
Clodagh,127,clodagh.ie
Jayden,125,jayden.ie
Lucas,123,lucas.ie
Shane,119,shane.ie
Cathal,116,cathal.ie
Abigail,114,abigail.ie
Isla,113,isla.ie
Laura,112,laura.ie
Tommy,110,tommy.ie
Maria,109,maria.ie
Maya,109,maya.ie
Sadhbh,108,sadhbh.ie
Zara,108,zara.ie
Amber,107,amber.ie
Millie,107,millie.ie
Emilia,107,emilia.ie
Isabella,103,isabella.ie
Scott,103,scott.ie
Donnacha,101,donnacha.ie
Eoghan,101,eoghan.ie
Aoibhinn,100,aoibhinn.ie
Danny,100,danny.ie
Ellen,99,ellen.ie
Ronan,99,ronan.ie
Andrew,98,andrew.ie
Mark,98,mark.ie
Abbie,97,abbie.ie
Elizabeth,97,elizabeth.ie
Clara,97,clara.ie
Harper,97,harper.ie
Rory,97,rory.ie
Alannah,96,alannah.ie
Henry,94,henry.ie
Tyler,94,tyler.ie
Kayla,92,kayla.ie
Sienna,91,sienna.ie
Billy,91,billy.ie
Willow,90,willow.ie
Megan,89,megan.ie
Josh,88,josh.ie
Louis,88,louis.ie
Shay,88,shay.ie
Rachel,87,rachel.ie
Daithi,87,daithi.ie
Kevin,87,kevin.ie
Rebecca,86,rebecca.ie
Maisie,86,maisie.ie
Cormac,85,cormac.ie
Muhammad,85,muhammad.ie
Tomas,85,tomas.ie
Aisling,84,aisling.ie
Rose,84,rose.ie
Anthony,84,anthony.ie
Aine,83,aine.ie
Killian,83,killian.ie
Martin,83,martin.ie
Aoibheann,82,aoibheann.ie
Hugo,82,hugo.ie
Annie,81,annie.ie
Ciaran,81,ciaran.ie
Edward,81,edward.ie
Kai,79,kai.ie
Christopher,77,christopher.ie
George,77,george.ie
Luca,77,luca.ie
Lorcan,75,lorcan.ie
Zach,74,zach.ie
Meabh,72,meabh.ie
Heidi,72,heidi.ie
Dara,71,dara.ie
Isaac,71,isaac.ie
Jason,71,jason.ie
Sebastian,71,sebastian.ie
Mary,70,mary.ie
Lilly,70,lilly.ie
Mila,70,mila.ie
Georgia,68,georgia.ie
Rosie,68,rosie.ie
Peter,68,peter.ie
Daisy,67,daisy.ie
Antoni,67,antoni.ie
Eli,66,eli.ie
Victoria,65,victoria.ie
Blake,65,blake.ie
Alexandra,64,alexandra.ie
Ailbhe,64,ailbhe.ie
Arthur,64,arthur.ie
Filip,64,filip.ie
Jakub,64,jakub.ie
Theo,64,theo.ie
Lara,63,lara.ie
Tadgh,63,tadgh.ie
Brody,62,brody.ie
Freddie,62,freddie.ie
Mollie,61,mollie.ie
Rhys,61,rhys.ie
Orla,60,orla.ie
Isabel,60,isabel.ie
Alan,60,alan.ie
Frankie,60,frankie.ie
Daire,59,daire.ie
Sara,58,sara.ie
Matilda,58,matilda.ie
Zoey,58,zoey.ie
Aria,58,aria.ie
Archie,58,archie.ie
Joe,58,joe.ie
Nicole,57,nicole.ie
Muireann,57,muireann.ie
Lena,57,lena.ie
Evelyn,57,evelyn.ie
Caleb,57,caleb.ie
Harrison,57,harrison.ie
Hugh,57,hugh.ie
Hazel,56,hazel.ie
Madison,56,madison.ie
Hanna,56,hanna.ie
Lola,56,lola.ie
Poppy,56,poppy.ie
Jaxon,56,jaxon.ie
Aoibhe,54,aoibhe.ie
Esme,54,esme.ie
Penny,54,penny.ie
Pippa,54,pippa.ie
Oran,54,oran.ie
Ruairi,54,ruairi.ie
Alison,53,alison.ie
Bella,53,bella.ie
Eanna,53,eanna.ie
Niall,53,niall.ie
Nicholas,53,nicholas.ie
Tara,52,tara.ie
Brooke,52,brooke.ie
Maja,52,maja.ie
Mya,52,mya.ie
Paige,52,paige.ie
Jackson,52,jackson.ie
Padraig,52,padraig.ie
Sonny,51,sonny.ie
Caitlin,50,caitlin.ie
Eimear,50,eimear.ie
Zofia,50,zofia.ie
Lexi,50,lexi.ie
Alicja,50,alicja.ie
Cody,50,cody.ie
Seamus,50,seamus.ie
Stephen,50,stephen.ie
Charles,49,charles.ie
Elliot,49,elliot.ie
Hollie,48,hollie.ie
Conall,48,conall.ie
Joey,48,joey.ie
Micheal,48,micheal.ie
Riley,48,riley.ie
Cora,47,cora.ie
Kacper,47,kacper.ie
Tiernan,47,tiernan.ie
Doireann,46,doireann.ie
Dominic,46,dominic.ie
Eric,46,eric.ie
Kayden,46,kayden.ie
Aimee,45,aimee.ie
Jasmine,45,jasmine.ie
Ruth,45,ruth.ie
Elsie,45,elsie.ie
Denis,45,denis.ie
Alanna,44,alanna.ie
Natalia,44,natalia.ie
Siun,44,siun.ie
Phoebe,44,phoebe.ie
Brian,44,brian.ie
Maeve,43,maeve.ie
Lucia,43,lucia.ie
Darcy,43,darcy.ie
Harvey,43,harvey.ie
Kian,43,kian.ie
Orlaith,42,orlaith.ie
Elena,42,elena.ie
Nina,42,nina.ie
Annabelle,42,annabelle.ie
Christian,42,christian.ie
Zuzanna,41,zuzanna.ie
Jonah,41,jonah.ie
Maximilian,41,maximilian.ie
Reuben,41,reuben.ie
Richard,41,richard.ie
Shea,41,shea.ie
Zack,41,zack.ie
Adrian,40,adrian.ie
Casey,40,casey.ie
Gearoid,40,gearoid.ie
Eleanor,39,eleanor.ie
Fia,39,fia.ie
Ivy,39,ivy.ie
Paddy,39,paddy.ie
Philip,39,philip.ie
Ross,39,ross.ie
Jennifer,38,jennifer.ie
Hayley,38,hayley.ie
Diarmuid,38,diarmuid.ie
Gabriel,38,gabriel.ie
Lewis,38,lewis.ie
Jane,37,jane.ie
Laoise,37,laoise.ie
Aoibhin,37,aoibhin.ie
Oskar,37,oskar.ie
Alicia,36,alicia.ie
Naoise,36,naoise.ie
Nora,36,nora.ie
Calvin,36,calvin.ie
Lee,36,lee.ie
Katelyn,35,katelyn.ie
Isobel,35,isobel.ie
Michaela,35,michaela.ie
Juliette,35,juliette.ie
Eliza,35,eliza.ie
Bonnie,35,bonnie.ie
Lacey,35,lacey.ie
Donagh,35,donagh.ie
Iarla,35,iarla.ie
Jonathan,35,jonathan.ie
Paul,35,paul.ie
Reece,35,reece.ie
Shauna,34,shauna.ie
Ariana,34,ariana.ie
Florence,34,florence.ie
Corey,34,corey.ie
Dominik,34,dominik.ie
Jude,34,jude.ie
Robbie,34,robbie.ie
Siofra,33,siofra.ie
April,33,april.ie
Ada,33,ada.ie
Liliana,33,liliana.ie
Caolan,33,caolan.ie
Colm,33,colm.ie
Elijah,33,elijah.ie
Frank,33,frank.ie
Jan,33,jan.ie
Kayleigh,32,kayleigh.ie
Sinead,32,sinead.ie
Bridget,32,bridget.ie
Keeva,32,keeva.ie
Maia,32,maia.ie
Lillie,32,lillie.ie
Franciszek,32,franciszek.ie
Iarlaith,32,iarlaith.ie
Margaret,31,margaret.ie
Tess,31,tess.ie
Elise,31,elise.ie
Carter,31,carter.ie
Cooper,31,cooper.ie
Daragh,31,daragh.ie
Elliott,31,elliott.ie
Tiarnan,31,tiarnan.ie
Timothy,31,timothy.ie
Amelie,30,amelie.ie
Nadia,30,nadia.ie
Donal,30,donal.ie
Kieran,30,kieran.ie
Rowan,30,rowan.ie
Ruben,30,ruben.ie
Ted,30,ted.ie
Tristan,30,tristan.ie
Alyssa,29,alyssa.ie
Skye,29,skye.ie
Alexa,29,alexa.ie
Darcie,29,darcie.ie
Harley,29,harley.ie
Keelan,29,keelan.ie
Lukas,29,lukas.ie
Marcus,29,marcus.ie
Simon,29,simon.ie
Jade,28,jade.ie
Beth,28,beth.ie
Conan,28,conan.ie
Flynn,28,flynn.ie
Marcel,28,marcel.ie
Paidi,28,paidi.ie
Wiktor,28,wiktor.ie
Will,28,will.ie
Zac,28,zac.ie
Zachary,28,zachary.ie
Catherine,27,catherine.ie
Naomi,27,naomi.ie
Carla,27,carla.ie
Faith,27,faith.ie
Caragh,27,caragh.ie
Helena,27,helena.ie
Thea,27,thea.ie
Elodie,27,elodie.ie
Darren,27,darren.ie
Dean,27,dean.ie
Gavin,27,gavin.ie
Gerard,27,gerard.ie
Theodore,27,theodore.ie
Alex,26,alex.ie
Maggie,26,maggie.ie
Summer,26,summer.ie
Hailey,26,hailey.ie
Indie,26,indie.ie
Aiden,26,aiden.ie
Austin,26,austin.ie
Cameron,26,cameron.ie
Victor,26,victor.ie
Taylor,25,taylor.ie
Alisha,25,alisha.ie
Lana,25,lana.ie
Riley,25,riley.ie
Aleksander,25,aleksander.ie
Calum,25,calum.ie
Jesse,25,jesse.ie
Jordan,25,jordan.ie
Myles,25,myles.ie
Owen,25,owen.ie
Gabriela,24,gabriela.ie
Maebh,24,maebh.ie
Gracie,24,gracie.ie
Pola,24,pola.ie
Aodhan,24,aodhan.ie
Cole,24,cole.ie
Dawid,24,dawid.ie
Fabian,24,fabian.ie
Pearse,24,pearse.ie
Jodie,23,jodie.ie
Claire,23,claire.ie
Cassie,23,cassie.ie
Una,23,una.ie
Savannah,23,savannah.ie
Ayla,23,ayla.ie
Nancy,23,nancy.ie
Callie,23,callie.ie
Lottie,23,lottie.ie
Damian,23,damian.ie
Dan,23,dan.ie
Robin,23,robin.ie
Shannon,22,shannon.ie
Michelle,22,michelle.ie
Vanessa,22,vanessa.ie
Wiktoria,22,wiktoria.ie
Kathleen,22,kathleen.ie
Riona,22,riona.ie
Lydia,22,lydia.ie
Kara,22,kara.ie
Stella,22,stella.ie
Eloise,22,eloise.ie
Arya,22,arya.ie
Arlo,22,arlo.ie
Hunter,22,hunter.ie
Julian,22,julian.ie
Lochlann,22,lochlann.ie
Mikolaj,22,mikolaj.ie
Kaitlyn,21,kaitlyn.ie
Aaliyah,21,aaliyah.ie
Ana,21,ana.ie
Roise,21,roise.ie
Penelope,21,penelope.ie
Maci,21,maci.ie
Priya,21,priya.ie
Siomha,21,siomha.ie
Cayden,21,cayden.ie
Ezra,21,ezra.ie
Jay,21,jay.ie
Naoise,21,naoise.ie
Natan,21,natan.ie
Nicolas,21,nicolas.ie
Parker,21,parker.ie
Teddy,21,teddy.ie
Abby,20,abby.ie
Louise,20,louise.ie
Emer,20,emer.ie
Fatima,20,fatima.ie
Juliet,20,juliet.ie
Lexie,20,lexie.ie
Allie,20,allie.ie
Rosa,20,rosa.ie
Robin,20,robin.ie
Lillian,20,lillian.ie
Maddie,20,maddie.ie
Ali,20,ali.ie
Brandon,20,brandon.ie
Brendan,20,brendan.ie
Declan,20,declan.ie
Felix,20,felix.ie
Frederick,20,frederick.ie
Milo,20,milo.ie
Ruadhan,20,ruadhan.ie
Toby,20,toby.ie
Aideen,19,aideen.ie
Natalie,19,natalie.ie
Lia,19,lia.ie
Neasa,19,neasa.ie
Annabel,19,annabel.ie
Nell,19,nell.ie
Klara,19,klara.ie
Bruno,19,bruno.ie
Elias,19,elias.ie
Jayce,19,jayce.ie
Levi,19,levi.ie
Louie,19,louie.ie
Nikodem,19,nikodem.ie
Patryk,19,patryk.ie
Szymon,19,szymon.ie
Vincent,19,vincent.ie
Grainne,18,grainne.ie
Oliwia,18,oliwia.ie
Sorcha,18,sorcha.ie
Tori,18,tori.ie
Ali,18,ali.ie
Siobhan,18,siobhan.ie
Casey,18,casey.ie
Sasha,18,sasha.ie
Helen,18,helen.ie
Lea,18,lea.ie
Kyra,18,kyra.ie
Leila,18,leila.ie
Cadhla,18,cadhla.ie
Mae,18,mae.ie
Annalise,18,annalise.ie
Saibh,18,saibh.ie
Alexis,18,alexis.ie
Eden,18,eden.ie
Edith,18,edith.ie
Bradley,18,bradley.ie
Dawson,18,dawson.ie
Francis,18,francis.ie
Ibrahim,18,ibrahim.ie
Johnny,18,johnny.ie
Lachlan,18,lachlan.ie
Michal,18,michal.ie
Olly,18,olly.ie
Xavier,18,xavier.ie
Gemma,17,gemma.ie
Erica,17,erica.ie
Rhea,17,rhea.ie
Ria,17,ria.ie
Nessa,17,nessa.ie
Aisha,17,aisha.ie
Aoibh,17,aoibh.ie
Scarlett,17,scarlett.ie
Arianna,17,arianna.ie
Anastasia,17,anastasia.ie
Darcey,17,darcey.ie
Gabriella,17,gabriella.ie
Hallie,17,hallie.ie
Emmie,17,emmie.ie
Tilly,17,tilly.ie
Dillon,17,dillon.ie
Donnchadh,17,donnchadh.ie
Feidhlim,17,feidhlim.ie
Fiachra,17,fiachra.ie
Lennon,17,lennon.ie
Matas,17,matas.ie
Mateo,17,mateo.ie
Maxim,17,maxim.ie
Noel,17,noel.ie
Padraic,17,padraic.ie
Tymon,17,tymon.ie
Fiona,16,fiona.ie
Nicola,16,nicola.ie
Andrea,16,andrea.ie
Gabrielle,16,gabrielle.ie
Moya,16,moya.ie
Aleksandra,16,aleksandra.ie
Martha,16,martha.ie
Beibhinn,16,beibhinn.ie
Charlie,16,charlie.ie
Pearl,16,pearl.ie
Farrah,16,farrah.ie
Luna,16,luna.ie
Nevaeh,16,nevaeh.ie
Frankie,16,frankie.ie
Art,16,art.ie
Carson,16,carson.ie
Colin,16,colin.ie
Connor,16,connor.ie
Davin,16,davin.ie
Eamonn,16,eamonn.ie
Emmet,16,emmet.ie
Faolan,16,faolan.ie
Lochlan,16,lochlan.ie
Maksymilian,16,maksymilian.ie
Mateusz,16,mateusz.ie
Mohammad,16,mohammad.ie
Ruan,16,ruan.ie
Sean Og,16,sean og.ie
Tobias,16,tobias.ie
Heather,15,heather.ie
Kelsey,15,kelsey.ie
Karolina,15,karolina.ie
Teagan,15,teagan.ie
Carly,15,carly.ie
Ally,15,ally.ie
Sadbh,15,sadbh.ie
Edie,15,edie.ie
Lyla,15,lyla.ie
Maryam,15,maryam.ie
Eliana,15,eliana.ie
Mackenzie,15,mackenzie.ie
Arabella,15,arabella.ie
Maisy,15,maisy.ie
Andy,15,andy.ie
Aron,15,aron.ie
Conn,15,conn.ie
Culann,15,culann.ie
Grayson,15,grayson.ie
Jaxson,15,jaxson.ie
Joel,15,joel.ie
Matei,15,matei.ie
Mikey,15,mikey.ie
Mohammed,15,mohammed.ie
Nathaniel,15,nathaniel.ie
Olivier,15,olivier.ie
Omar,15,omar.ie
Quinn,15,quinn.ie
Stefan,15,stefan.ie
Melissa,14,melissa.ie
Libby,14,libby.ie
Katherine,14,katherine.ie
Nikola,14,nikola.ie
Diana,14,diana.ie
Tia,14,tia.ie
Daria,14,daria.ie
Melanie,14,melanie.ie
Beatrice,14,beatrice.ie
Emilie,14,emilie.ie
Imogen,14,imogen.ie
Madeline,14,madeline.ie
Bianca,14,bianca.ie
Hana,14,hana.ie
Livia,14,livia.ie
Antonia,14,antonia.ie
Aurora,14,aurora.ie
Juno,14,juno.ie
Skylar,14,skylar.ie
Abdullah,14,abdullah.ie
Ahmed,14,ahmed.ie
Bernard,14,bernard.ie
Caden,14,caden.ie
Erik,14,erik.ie
Euan,14,euan.ie
Ewan,14,ewan.ie
Hayden,14,hayden.ie
Ivan,14,ivan.ie
Jimmy,14,jimmy.ie
Jonas,14,jonas.ie
Justin,14,justin.ie
Marc,14,marc.ie
Oliwier,14,oliwier.ie
Piotr,14,piotr.ie
Steven,14,steven.ie
Keelin,13,keelin.ie
Martyna,13,martyna.ie
Claudia,13,claudia.ie
Cliona,13,cliona.ie
Patricia,13,patricia.ie
Joanna,13,joanna.ie
Bethany,13,bethany.ie
Blaithin,13,blaithin.ie
Esther,13,esther.ie
Tessa,13,tessa.ie
Francesca,13,francesca.ie
Louisa,13,louisa.ie
Nia,13,nia.ie
Ema,13,ema.ie
Teresa,13,teresa.ie
Connie,13,connie.ie
Saorla,13,saorla.ie
Aileen,13,aileen.ie
Kornelia,13,kornelia.ie
Izabela,13,izabela.ie
Maddison,13,maddison.ie
Croiadh,13,croiadh.ie
Nela,13,nela.ie
Piper,13,piper.ie
Albert,13,albert.ie
Alexandru,13,alexandru.ie
Caiden,13,caiden.ie
Donncha,13,donncha.ie
Eamon,13,eamon.ie
Ian,13,ian.ie
Jeremiah,13,jeremiah.ie
Kaiden,13,kaiden.ie
Leighton,13,leighton.ie
Leonardo,13,leonardo.ie
Matteo,13,matteo.ie
Morgan,13,morgan.ie
Mylo,13,mylo.ie
Tim,13,tim.ie
Tony,13,tony.ie
Vlad,13,vlad.ie
Leona,12,leona.ie
Abi,12,abi.ie
Shona,12,shona.ie
Julie,12,julie.ie
Jenna,12,jenna.ie
Cliodhna,12,cliodhna.ie
Kacey,12,kacey.ie
Sally,12,sally.ie
Charley,12,charley.ie
Miriam,12,miriam.ie
Madeleine,12,madeleine.ie
Antonina,12,antonina.ie
Milena,12,milena.ie
Jessie,12,jessie.ie
Addison,12,addison.ie
Amira,12,amira.ie
Iris,12,iris.ie
Kaya,12,kaya.ie
Polly,12,polly.ie
Eilis,12,eilis.ie
Ewa,12,ewa.ie
Harriet,12,harriet.ie
Liadh,12,liadh.ie
Avery,12,avery.ie
Ayda,12,ayda.ie
Bailey,12,bailey.ie
Bianka,12,bianka.ie
Harley,12,harley.ie
Khloe,12,khloe.ie
Skyler,12,skyler.ie
Violet,12,violet.ie
Artur,12,artur.ie
Barry,12,barry.ie
Craig,12,craig.ie
Lorenzo,12,lorenzo.ie
Malachy,12,malachy.ie
Rocco,12,rocco.ie
Seth,12,seth.ie
Wojciech,12,wojciech.ie
Danielle,11,danielle.ie
Lisa,11,lisa.ie
Alana,11,alana.ie
Keira,11,keira.ie
Brianna,11,brianna.ie
Bronagh,11,bronagh.ie
Elle,11,elle.ie
Alesha,11,alesha.ie
Laila,11,laila.ie
Klaudia,11,klaudia.ie
Emilija,11,emilija.ie
Cleo,11,cleo.ie
Iseult,11,iseult.ie
Makayla,11,makayla.ie
Eireann,11,eireann.ie
Neala,11,neala.ie
Carmen,11,carmen.ie
Kaja,11,kaja.ie
Milana,11,milana.ie
Norah,11,norah.ie
Olive,11,olive.ie
Farah,11,farah.ie
Matylda,11,matylda.ie
Anabelle,11,anabelle.ie
Blanka,11,blanka.ie
Quinn,11,quinn.ie
Sofija,11,sofija.ie
Valentina,11,valentina.ie
Margot,11,margot.ie
Abdul,11,abdul.ie
Alfred,11,alfred.ie
Benas,11,benas.ie
Brooklyn,11,brooklyn.ie
Caelan,11,caelan.ie
Darius,11,darius.ie
Finley,11,finley.ie
Ignacy,11,ignacy.ie
Jasper,11,jasper.ie
Jerry,11,jerry.ie
Kajus,11,kajus.ie
Odin,11,odin.ie
Olaf,11,olaf.ie
Olan,11,olan.ie
Raymond,11,raymond.ie
Seimi,11,seimi.ie
Stanislaw,11,stanislaw.ie
Troy,11,troy.ie
Ultan,11,ultan.ie
Kelly,10,kelly.ie
Abbey,10,abbey.ie
Ashley,10,ashley.ie
Amanda,10,amanda.ie
Samantha,10,samantha.ie
Karina,10,karina.ie
Meghan,10,meghan.ie
Tiffany,10,tiffany.ie
Greta,10,greta.ie
Ayesha,10,ayesha.ie
Alexia,10,alexia.ie
Mai,10,mai.ie
Miya,10,miya.ie
Rita,10,rita.ie
Aida,10,aida.ie
Emelia,10,emelia.ie
Kitty,10,kitty.ie
Lila,10,lila.ie
Zahra,10,zahra.ie
Alina,10,alina.ie
Adelina,10,adelina.ie
Alba,10,alba.ie
Eibhlin,10,eibhlin.ie
Kaia,10,kaia.ie
Seoidin,10,seoidin.ie
Vivien,10,vivien.ie
Anaya,10,anaya.ie
Meadow,10,meadow.ie
Pennie,10,pennie.ie
Bill,10,bill.ie
Carl,10,carl.ie
Danielius,10,danielius.ie
Devin,10,devin.ie
Domas,10,domas.ie
Eduard,10,eduard.ie
Ellis,10,ellis.ie
Gary,10,gary.ie
Lincoln,10,lincoln.ie
Mohamed,10,mohamed.ie
Nojus,10,nojus.ie
Preston,10,preston.ie
Remy,10,remy.ie
Roan,10,roan.ie
Rossa,10,rossa.ie
Rua,10,rua.ie
Tymoteusz,10,tymoteusz.ie
Angel,9,angel.ie
Yasmin,9,yasmin.ie
Marie,9,marie.ie
Daniella,9,daniella.ie
Carrie,9,carrie.ie
Erika,9,erika.ie
Serena,9,serena.ie
Jenny,9,jenny.ie
Anne,9,anne.ie
Eileen,9,eileen.ie
Gabriele,9,gabriele.ie
Lauryn,9,lauryn.ie
Magdalena,9,magdalena.ie
Vivienne,9,vivienne.ie
Kyla,9,kyla.ie
Mary-Kate,9,mary-kate.ie
Hope,9,hope.ie
Kacie,9,kacie.ie
Michalina,9,michalina.ie
Selena,9,selena.ie
Elaina,9,elaina.ie
Bobbi,9,bobbi.ie
Leja,9,leja.ie
Mara,9,mara.ie
Sonia,9,sonia.ie
Mariana,9,mariana.ie
Nova,9,nova.ie
Rylee,9,rylee.ie
Ajay,9,ajay.ie
Andrei,9,andrei.ie
Aryan,9,aryan.ie
Ashton,9,ashton.ie
Barra,9,barra.ie
Bartosz,9,bartosz.ie
Beau,9,beau.ie
Brayden,9,brayden.ie
Cuan,9,cuan.ie
Dovydas,9,dovydas.ie
Emmanuel,9,emmanuel.ie
Hamza,9,hamza.ie
Hubert,9,hubert.ie
Kajetan,9,kajetan.ie
Matt,9,matt.ie
Peadar,9,peadar.ie
Rafael,9,rafael.ie
Rogan,9,rogan.ie
Shaun,9,shaun.ie
Spencer,9,spencer.ie
Viktor,9,viktor.ie
Warren,9,warren.ie
Zak,9,zak.ie
Stephanie,8,stephanie.ie
Christina,8,christina.ie
Dearbhla,8,dearbhla.ie
Eadaoin,8,eadaoin.ie
Keela,8,keela.ie
Meadhbh,8,meadhbh.ie
Linda,8,linda.ie
Ailish,8,ailish.ie
Joy,8,joy.ie
Andreea,8,andreea.ie
Kaci,8,kaci.ie
Mikayla,8,mikayla.ie
Evelina,8,evelina.ie
Myah,8,myah.ie
Adele,8,adele.ie
Mabel,8,mabel.ie
Nelly,8,nelly.ie
Reiltin,8,reiltin.ie
Billie,8,billie.ie
Iga,8,iga.ie
Joyce,8,joyce.ie
Kinga,8,kinga.ie
Regan,8,regan.ie
Giulia,8,giulia.ie
Kylie,8,kylie.ie
Leia,8,leia.ie
Rosanna,8,rosanna.ie
Audrey,8,audrey.ie
Aurelia,8,aurelia.ie
Belle,8,belle.ie
Ieva,8,ieva.ie
Kourtney,8,kourtney.ie
Lily-Mae,8,lily-mae.ie
Reeva,8,reeva.ie
Saorlaith,8,saorlaith.ie
Viktoria,8,viktoria.ie
Aibhin,8,aibhin.ie
Bea,8,bea.ie
Esmae,8,esmae.ie
Ahmad,8,ahmad.ie
Aleks,8,aleks.ie
Arham,8,arham.ie
Bodhi,8,bodhi.ie
Callan,8,callan.ie
Casper,8,casper.ie
Colton,8,colton.ie
Damien,8,damien.ie
Dennis,8,dennis.ie
Dion,8,dion.ie
Domantas,8,domantas.ie
Dominykas,8,dominykas.ie
Eddie,8,eddie.ie
Emil,8,emil.ie
Ferdia,8,ferdia.ie
Fred,8,fred.ie
Hassan,8,hassan.ie
Jace,8,jace.ie
Jeremy,8,jeremy.ie
Karl,8,karl.ie
Karol,8,karol.ie
Kaylum,8,kaylum.ie
Kealan,8,kealan.ie
Keegan,8,keegan.ie
Laurence,8,laurence.ie
Lochlainn,8,lochlainn.ie
Luka,8,luka.ie
Maksim,8,maksim.ie
Marco,8,marco.ie
Maurice,8,maurice.ie
Miguel,8,miguel.ie
Nico,8,nico.ie
Pierce,8,pierce.ie
Rayan,8,rayan.ie
Riain,8,riain.ie
Tomasz,8,tomasz.ie
Blathnaid,7,blathnaid.ie
Ann,7,ann.ie
Jorja,7,jorja.ie
Kiera,7,kiera.ie
Sandra,7,sandra.ie
Lucie,7,lucie.ie
Mairead,7,mairead.ie
Patrycja,7,patrycja.ie
Kasey,7,kasey.ie
Lorna,7,lorna.ie
Paulina,7,paulina.ie
Caitriona,7,caitriona.ie
Dominika,7,dominika.ie
Alisa,7,alisa.ie
Clare,7,clare.ie
Enya,7,enya.ie
Mariam,7,mariam.ie
Marta,7,marta.ie
Angela,7,angela.ie
Halle,7,halle.ie
Dayna,7,dayna.ie
Seren,7,seren.ie
Tamara,7,tamara.ie
Aliyah,7,aliyah.ie
Aoileann,7,aoileann.ie
Jana,7,jana.ie
Kali,7,kali.ie
Kira,7,kira.ie
Philomena,7,philomena.ie
Theresa,7,theresa.ie
Veronika,7,veronika.ie
Crystal,7,crystal.ie
Eryn,7,eryn.ie
Julianna,7,julianna.ie
Lina,7,lina.ie
Anais,7,anais.ie
Darci,7,darci.ie
Delia,7,delia.ie
Fodhla,7,fodhla.ie
Jagoda,7,jagoda.ie
Lily-Rose,7,lily-rose.ie
Samira,7,samira.ie
May,7,may.ie
Alesia,7,alesia.ie
Allison,7,allison.ie
Alma,7,alma.ie
Autumn,7,autumn.ie
Eirinn,7,eirinn.ie
Aibhlinn,7,aibhlinn.ie
Alia,7,alia.ie
Aubree,7,aubree.ie
Beau,7,beau.ie
Eala,7,eala.ie
Harlow,7,harlow.ie
Ide,7,ide.ie
Indi,7,indi.ie
Joni,7,joni.ie
Kaiya,7,kaiya.ie
Kendall,7,kendall.ie
Kenzie,7,kenzie.ie
Lilianna,7,lilianna.ie
Luka,7,luka.ie
Macie,7,macie.ie
Marcelina,7,marcelina.ie
Rebeca,7,rebeca.ie
Esmee,7,esmee.ie
Mckenzie,7,mckenzie.ie
Nel,7,nel.ie
Zoya,7,zoya.ie
Tuiren,7,tuiren.ie
Aedan,7,aedan.ie
Antonio,7,antonio.ie
Axel,7,axel.ie
Ayaan,7,ayaan.ie
Brogan,7,brogan.ie
Con,7,con.ie
Cristian,7,cristian.ie
Cruz,7,cruz.ie
Culainn,7,culainn.ie
Daryl,7,daryl.ie
Derek,7,derek.ie
Dexter,7,dexter.ie
Dominick,7,dominick.ie
Emanuel,7,emanuel.ie
Emilis,7,emilis.ie
Emmett,7,emmett.ie
Finian,7,finian.ie
Fintan,7,fintan.ie
Fionnan,7,fionnan.ie
Francisco,7,francisco.ie
Gerald,7,gerald.ie
Igor,7,igor.ie
Isaiah,7,isaiah.ie
Jim,7,jim.ie
Keith,7,keith.ie
Kenneth,7,kenneth.ie
Krystian,7,krystian.ie
Leonard,7,leonard.ie
Markus,7,markus.ie
Maximus,7,maximus.ie
Maxwell,7,maxwell.ie
Ned,7,ned.ie
Patrik,7,patrik.ie
River,7,river.ie
Rodrigo,7,rodrigo.ie
Rokas,7,rokas.ie
Roman,7,roman.ie
Tajus,7,tajus.ie
Travis,7,travis.ie
Tyrese,7,tyrese.ie
Youssef,7,youssef.ie
Zayn,7,zayn.ie
Zion,7,zion.ie
Chelsea,6,chelsea.ie
Edel,6,edel.ie
Elisha,6,elisha.ie
Caroline,6,caroline.ie
Gabija,6,gabija.ie
Demi,6,demi.ie
Simone,6,simone.ie
Susan,6,susan.ie
Caoilinn,6,caoilinn.ie
Ashleigh,6,ashleigh.ie
Jamie,6,jamie.ie
Orlagh,6,orlagh.ie
Johanna,6,johanna.ie
Shonagh,6,shonagh.ie
Winnie,6,winnie.ie
Genevieve,6,genevieve.ie
Kimberly,6,kimberly.ie
Laragh,6,laragh.ie
Rosemary,6,rosemary.ie
Elisa,6,elisa.ie
Izabella,6,izabella.ie
Milly,6,milly.ie
Gloria,6,gloria.ie
Sylvia,6,sylvia.ie
Tanya,6,tanya.ie
Aleena,6,aleena.ie
Aliya,6,aliya.ie
Estera,6,estera.ie
Georgina,6,georgina.ie
Kadie,6,kadie.ie
Amina,6,amina.ie
Cait,6,cait.ie
Ellie-May,6,ellie-may.ie
Honor,6,honor.ie
Kaylee,6,kaylee.ie
Rebeka,6,rebeka.ie
Aedin,6,aedin.ie
Anastazja,6,anastazja.ie
Bebhinn,6,bebhinn.ie
Etain,6,etain.ie
Izzy,6,izzy.ie
Khadija,6,khadija.ie
Amelia-Rose,6,amelia-rose.ie
Barbara,6,barbara.ie
Camille,6,camille.ie
Caoileann,6,caoileann.ie
Croia,6,croia.ie
Dakota,6,dakota.ie
Elia,6,elia.ie
Ella-Rose,6,ella-rose.ie
Emmy,6,emmy.ie
Georgie,6,georgie.ie
Lacie,6,lacie.ie
Macy,6,macy.ie
Melody,6,melody.ie
Pixie,6,pixie.ie
Realtin,6,realtin.ie
Rozalia,6,rozalia.ie
Teja,6,teja.ie
Vilte,6,vilte.ie
Vivian,6,vivian.ie
Avah,6,avah.ie
Ava-rose,6,ava-rose.ie
Constance,6,constance.ie
Einin,6,einin.ie
Elora,6,elora.ie
Emmeline,6,emmeline.ie
Kady,6,kady.ie
Kyah,6,kyah.ie
Liadain,6,liadain.ie
Maisey,6,maisey.ie
Marianna,6,marianna.ie
Mina,6,mina.ie
Roxanne,6,roxanne.ie
Santanna,6,santanna.ie
Wren,6,wren.ie
Abraham,6,abraham.ie
Aj,6,aj.ie
Amir,6,amir.ie
Armandas,6,armandas.ie
Asher,6,asher.ie
Braxton,6,braxton.ie
Cadan,6,cadan.ie
Cal,6,cal.ie
Caoimhin,6,caoimhin.ie
Chase,6,chase.ie
Chris,6,chris.ie
Clayton,6,clayton.ie
Colman,6,colman.ie
Conal,6,conal.ie
Dermot,6,dermot.ie
Dorian,6,dorian.ie
Drew,6,drew.ie
Enzo,6,enzo.ie
Erikas,6,erikas.ie
Eugene,6,eugene.ie
Fiach,6,fiach.ie
Gabrielius,6,gabrielius.ie
Gerry,6,gerry.ie
Glen,6,glen.ie
Jared,6,jared.ie
Joao,6,joao.ie
Jokubas,6,jokubas.ie
Jules,6,jules.ie
Kelvin,6,kelvin.ie
Kirill,6,kirill.ie
Kristian,6,kristian.ie
Kyron,6,kyron.ie
Lucca,6,lucca.ie
Malik,6,malik.ie
Mathew,6,mathew.ie
Micah,6,micah.ie
Milan,6,milan.ie
Neil,6,neil.ie
Nick,6,nick.ie
Nikita,6,nikita.ie
Prince,6,prince.ie
Ralph,6,ralph.ie
Se,6,se.ie
Taylor,6,taylor.ie
Timur,6,timur.ie
Tommie,6,tommie.ie
Usman,6,usman.ie
Yannis,6,yannis.ie
Yusuf,6,yusuf.ie
Zain,6,zain.ie
Rachael,5,rachael.ie
Nadine,5,nadine.ie
Tegan,5,tegan.ie
Chantelle,5,chantelle.ie
Avril,5,avril.ie
Jill,5,jill.ie
Rihanna,5,rihanna.ie
Kamile,5,kamile.ie
Josephine,5,josephine.ie
Caitlyn,5,caitlyn.ie
Jemma,5,jemma.ie
Joanne,5,joanne.ie
Isobelle,5,isobelle.ie
Jasmin,5,jasmin.ie
Brid,5,brid.ie
Stacey,5,stacey.ie
Daniela,5,daniela.ie
Precious,5,precious.ie
Tianna,5,tianna.ie
Alexandria,5,alexandria.ie
Katelynn,5,katelynn.ie
Noemi,5,noemi.ie
Zainab,5,zainab.ie
Dara,5,dara.ie
Iona,5,iona.ie
Morgan,5,morgan.ie
Agata,5,agata.ie
Jess,5,jess.ie
Judy,5,judy.ie
Katrina,5,katrina.ie
Mary Kate,5,mary kate.ie
Monica,5,monica.ie
Paula,5,paula.ie
Aela,5,aela.ie
Elsa,5,elsa.ie
Judith,5,judith.ie
Romy,5,romy.ie
Alessia,5,alessia.ie
Carley,5,carley.ie
Lainey,5,lainey.ie
Abigael,5,abigael.ie
Aifric,5,aifric.ie
Astrid,5,astrid.ie
Cecilia,5,cecilia.ie
Katarzyna,5,katarzyna.ie
Agnes,5,agnes.ie
Amara,5,amara.ie
Ariya,5,ariya.ie
Arwen,5,arwen.ie
Barbora,5,barbora.ie
Cailin,5,cailin.ie
Cali,5,cali.ie
Cassidy,5,cassidy.ie
Daire,5,daire.ie
Elija,5,elija.ie
Ella Rose,5,ella rose.ie
Felicity,5,felicity.ie
Liana,5,liana.ie
Lily Rose,5,lily rose.ie
Marley,5,marley.ie
Miah,5,miah.ie
Minnie,5,minnie.ie
Nika,5,nika.ie
Rhona,5,rhona.ie
Sile,5,sile.ie
Talia,5,talia.ie
Urszula,5,urszula.ie
Adalynn,5,adalynn.ie
Adeline,5,adeline.ie
Aubrey,5,aubrey.ie
Cadence,5,cadence.ie
Elysia,5,elysia.ie
Erinn,5,erinn.ie
Fatimah,5,fatimah.ie
Jayda,5,jayda.ie
Laya,5,laya.ie
Liepa,5,liepa.ie
Liza,5,liza.ie
Mira,5,mira.ie
Oonagh,5,oonagh.ie
Philippa,5,philippa.ie
Raya,5,raya.ie
Riya,5,riya.ie
Sana,5,sana.ie
Shirley,5,shirley.ie
Zosia,5,zosia.ie
Ellie Rose,5,ellie rose.ie
Ferne,5,ferne.ie
River,5,river.ie
Abdulrahman,5,abdulrahman.ie
Anton,5,anton.ie
Aronas,5,aronas.ie
Avery,5,avery.ie
Bastian,5,bastian.ie
Bogdan,5,bogdan.ie
Christy,5,christy.ie
Cristiano,5,cristiano.ie
Cullen,5,cullen.ie
Dane,5,dane.ie
Dante,5,dante.ie
Denas,5,denas.ie
Derry,5,derry.ie
Devon,5,devon.ie
Diego,5,diego.ie
Domhnall,5,domhnall.ie
Feilim,5,feilim.ie
Finbarr,5,finbarr.ie
Fionan,5,fionan.ie
Freddy,5,freddy.ie
Graham,5,graham.ie
Jaiden,5,jaiden.ie
Jordi,5,jordi.ie
Josiah,5,josiah.ie
Julius,5,julius.ie
Kaden,5,kaden.ie
Kamil,5,kamil.ie
Kane,5,kane.ie
Kendrick,5,kendrick.ie
Kenny,5,kenny.ie
Krzysztof,5,krzysztof.ie
Kuba,5,kuba.ie
Kye,5,kye.ie
Kylan,5,kylan.ie
Kyran,5,kyran.ie
Larry,5,larry.ie
Luan,5,luan.ie
Malachi,5,malachi.ie
Mario,5,mario.ie
Matthias,5,matthias.ie
Mike,5,mike.ie
Miles,5,miles.ie
Mustafa,5,mustafa.ie
Noa,5,noa.ie
Paraic,5,paraic.ie
Pauric,5,pauric.ie
Pedro,5,pedro.ie
Phoenix,5,phoenix.ie
Rayyan,5,rayyan.ie
Regan,5,regan.ie
Rhian,5,rhian.ie
Richie,5,richie.ie
Rio,5,rio.ie
Ronnie,5,ronnie.ie
Sammy,5,sammy.ie
Seanan,5,seanan.ie
Setanta,5,setanta.ie
Teodor,5,teodor.ie
Wayne,5,wayne.ie
Yaseen,5,yaseen.ie
Leanne,4,leanne.ie
Courtney,4,courtney.ie
Karen,4,karen.ie
Ashling,4,ashling.ie
Weronika,4,weronika.ie
Sabrina,4,sabrina.ie
Aislinn,4,aislinn.ie
Favour,4,favour.ie
Veronica,4,veronica.ie
Blessing,4,blessing.ie
Leyla,4,leyla.ie
Sive,4,sive.ie
Angelina,4,angelina.ie
Caoilfhionn,4,caoilfhionn.ie
Cerys,4,cerys.ie
Adriana,4,adriana.ie
Samanta,4,samanta.ie
Sarah-Jane,4,sarah-jane.ie
Valerie,4,valerie.ie
Julianne,4,julianne.ie
Olga,4,olga.ie
Zarah,4,zarah.ie
Isabell,4,isabell.ie
Sheena,4,sheena.ie
Austeja,4,austeja.ie
Cayla,4,cayla.ie
Elaine,4,elaine.ie
Hayleigh,4,hayleigh.ie
Kaitlin,4,kaitlin.ie
Aya,4,aya.ie
Cassandra,4,cassandra.ie
Goda,4,goda.ie
Tiana,4,tiana.ie
Alise,4,alise.ie
Alva,4,alva.ie
Cate,4,cate.ie
Elisabeth,4,elisabeth.ie
Elyse,4,elyse.ie
Geraldine,4,geraldine.ie
Gianna,4,gianna.ie
Lilian,4,lilian.ie
Sabina,4,sabina.ie
Selina,4,selina.ie
Tabitha,4,tabitha.ie
Viktorija,4,viktorija.ie
Winifred,4,winifred.ie
Adrija,4,adrija.ie
Alaina,4,alaina.ie
Aliza,4,aliza.ie
Amalia,4,amalia.ie
Bria,4,bria.ie
Charli,4,charli.ie
Ellie-Mai,4,ellie-mai.ie
Gaia,4,gaia.ie
Lilia,4,lilia.ie
Amelija,4,amelija.ie
Carlie,4,carlie.ie
Elly,4,elly.ie
Fae,4,fae.ie
Inga,4,inga.ie
Laylah,4,laylah.ie
Lilah,4,lilah.ie
Liz,4,liz.ie
Lucja,4,lucja.ie
Luisne,4,luisne.ie
Melisa,4,melisa.ie
Noor,4,noor.ie
Peyton,4,peyton.ie
Reagan,4,reagan.ie
Reidin,4,reidin.ie
Rowan,4,rowan.ie
Sibeal,4,sibeal.ie
Thalia,4,thalia.ie
Alena,4,alena.ie
Anabia,4,anabia.ie
Ariah,4,ariah.ie
Arianne,4,arianne.ie
Ariella,4,ariella.ie
Asiya,4,asiya.ie
Blake,4,blake.ie
Briella,4,briella.ie
Caelyn,4,caelyn.ie
Carys,4,carys.ie
Darla,4,darla.ie
Delilah,4,delilah.ie
Eila,4,eila.ie
Elisabeta,4,elisabeta.ie
Ellis,4,ellis.ie
Evana,4,evana.ie
Evanne,4,evanne.ie
Haniya,4,haniya.ie
Indigo,4,indigo.ie
Jayde,4,jayde.ie
Kaelyn,4,kaelyn.ie
Leen,4,leen.ie
Lily-May,4,lily-may.ie
Liv,4,liv.ie
Lori,4,lori.ie
Melita,4,melita.ie
Myra,4,myra.ie
Nella,4,nella.ie
Ola,4,ola.ie
Rahma,4,rahma.ie
Sama,4,sama.ie
Scarlet,4,scarlet.ie
Serah,4,serah.ie
Shanaya,4,shanaya.ie
Sheenagh,4,sheenagh.ie
Sierra,4,sierra.ie
Silvia,4,silvia.ie
Stefania,4,stefania.ie
Yara,4,yara.ie
Remi,4,remi.ie
Everly,4,everly.ie
Adaline,4,adaline.ie
Ayana,4,ayana.ie
Layan,4,layan.ie
Naya,4,naya.ie
Abel,4,abel.ie
Adomas,4,adomas.ie
Adrians,4,adrians.ie
Albie,4,albie.ie
Alessandro,4,alessandro.ie
Aodh,4,aodh.ie
Aran,4,aran.ie
Arjun,4,arjun.ie
Armin,4,armin.ie
Artem,4,artem.ie
Artyom,4,artyom.ie
Atlas,4,atlas.ie
Ayan,4,ayan.ie
Aydin,4,aydin.ie
Ayman,4,ayman.ie
Barney,4,barney.ie
Bear,4,bear.ie
Bence,4,bence.ie
Blaine,4,blaine.ie
Boris,4,boris.ie
Braden,4,braden.ie
Brady,4,brady.ie
Briain,4,briain.ie
Brodie,4,brodie.ie
Bruce,4,bruce.ie
Bryan,4,bryan.ie
Cael,4,cael.ie
Cezary,4,cezary.ie
Che,4,che.ie
Cohen,4,cohen.ie
Cornelius,4,cornelius.ie
Croi,4,croi.ie
Daimhin,4,daimhin.ie
Darach,4,darach.ie
Darcy,4,darcy.ie
Davi,4,davi.ie
Davie,4,davie.ie
Edwin,4,edwin.ie
Emanuele,4,emanuele.ie
Finbar,4,finbar.ie
Francesco,4,francesco.ie
Hadi,4,hadi.ie
Haris,4,haris.ie
Herkus,4,herkus.ie
Hudson,4,hudson.ie
Hughie,4,hughie.ie
Ianis,4,ianis.ie
Ignas,4,ignas.ie
Ismail,4,ismail.ie
Israel,4,israel.ie
Jaden,4,jaden.ie
Jakob,4,jakob.ie
Jarlath,4,jarlath.ie
Jeffrey,4,jeffrey.ie
Jenson,4,jenson.ie
Jody,4,jody.ie
Kal,4,kal.ie
Karolis,4,karolis.ie
Kevinas,4,kevinas.ie
Kingston,4,kingston.ie
Kobi,4,kobi.ie
Luc,4,luc.ie
Lughaidh,4,lughaidh.ie
Maciej,4,maciej.ie
Malcolm,4,malcolm.ie
Manus,4,manus.ie
Marley,4,marley.ie
Maxime,4,maxime.ie
Mayson,4,mayson.ie
Milosz,4,milosz.ie
Moise,4,moise.ie
Nataniel,4,nataniel.ie
Nate,4,nate.ie
Nedas,4,nedas.ie
Nikolas,4,nikolas.ie
Otis,4,otis.ie
Pablo,4,pablo.ie
Pat,4,pat.ie
Paudie,4,paudie.ie
Pawel,4,pawel.ie
Reegan,4,reegan.ie
Reggie,4,reggie.ie
Rehan,4,rehan.ie
Reid,4,reid.ie
Rex,4,rex.ie
Rob,4,rob.ie
Roberts,4,roberts.ie
Rohan,4,rohan.ie
Roy,4,roy.ie
Ruaidhri,4,ruaidhri.ie
Ruari,4,ruari.ie
Sami,4,sami.ie
Seosamh,4,seosamh.ie
Stanley,4,stanley.ie
Steve,4,steve.ie
Syed,4,syed.ie
Tadeusz,4,tadeusz.ie
Taigh,4,taigh.ie
Talha,4,talha.ie
Terry,4,terry.ie
Theodor,4,theodor.ie
Thiago,4,thiago.ie
Timmy,4,timmy.ie
Torin,4,torin.ie
Tudor,4,tudor.ie
Turlough,4,turlough.ie
Tyson,4,tyson.ie
Willie,4,willie.ie
Wyatt,4,wyatt.ie
Yi,4,yi.ie
Yousef,4,yousef.ie
Zane,4,zane.ie
Natasha,3,natasha.ie
Kellie,3,kellie.ie
Shania,3,shania.ie
Mischa,3,mischa.ie
Pia,3,pia.ie
Kathryn,3,kathryn.ie
Rebekah,3,rebekah.ie
Caoilainn,3,caoilainn.ie
Aibhe,3,aibhe.ie
Kiara,3,kiara.ie
Maire,3,maire.ie
Leonie,3,leonie.ie
Teegan,3,teegan.ie
Christine,3,christine.ie
Kendra,3,kendra.ie
Aoise,3,aoise.ie
Cynthia,3,cynthia.ie
Denisa,3,denisa.ie
Elizabete,3,elizabete.ie
Kimberley,3,kimberley.ie
Lili,3,lili.ie
Marissa,3,marissa.ie
Shayna,3,shayna.ie
Sofie,3,sofie.ie
Yvonne,3,yvonne.ie
Aleisha,3,aleisha.ie
Anita,3,anita.ie
Anya,3,anya.ie
Ashlyn,3,ashlyn.ie
Camelia,3,camelia.ie
Carolina,3,carolina.ie
Dervla,3,dervla.ie
Destiny,3,destiny.ie
Dora,3,dora.ie
Eilidh,3,eilidh.ie
Emelie,3,emelie.ie
Emmanuella,3,emmanuella.ie
Gwen,3,gwen.ie
Irene,3,irene.ie
Maud,3,maud.ie
Tatiana,3,tatiana.ie
Yu,3,yu.ie
Adrianna,3,adrianna.ie
Ailise,3,ailise.ie
Annabell,3,annabell.ie
Annmarie,3,annmarie.ie
Auguste,3,auguste.ie
Cody,3,cody.ie
Elva,3,elva.ie
Evangeline,3,evangeline.ie
Evanna,3,evanna.ie
Honey,3,honey.ie
Kallie,3,kallie.ie
Lavinia,3,lavinia.ie
Liadan,3,liadan.ie
Lidia,3,lidia.ie
Lily May,3,lily may.ie
Luiza,3,luiza.ie
Marianne,3,marianne.ie
Adela,3,adela.ie
Adelaide,3,adelaide.ie
Agatha,3,agatha.ie
Aiza,3,aiza.ie
Amirah,3,amirah.ie
Aniela,3,aniela.ie
Anu,3,anu.ie
Cianna,3,cianna.ie
Dorothy,3,dorothy.ie
Ela,3,ela.ie
Eliska,3,eliska.ie
Ella-Mae,3,ella-mae.ie
Ellie May,3,ellie may.ie
Ellie-Mae,3,ellie-mae.ie
Emme,3,emme.ie
Eshaal,3,eshaal.ie
Feile,3,feile.ie
Guste,3,guste.ie
Haylee,3,haylee.ie
Inaaya,3,inaaya.ie
Inaya,3,inaya.ie
Ines,3,ines.ie
Jocelyn,3,jocelyn.ie
Kalina,3,kalina.ie
Karlie,3,karlie.ie
Katie-Ann,3,katie-ann.ie
Luisa,3,luisa.ie
Macey,3,macey.ie
Migle,3,migle.ie
Moira,3,moira.ie
Molly-Mae,3,molly-mae.ie
Noinin,3,noinin.ie
Quin,3,quin.ie
Riah,3,riah.ie
Roberta,3,roberta.ie
Ryleigh,3,ryleigh.ie
Saskia,3,saskia.ie
Saule,3,saule.ie
Siena,3,siena.ie
Sydney,3,sydney.ie
Tierna,3,tierna.ie
Tina,3,tina.ie
Tola,3,tola.ie
Yana,3,yana.ie
Zoja,3,zoja.ie
Aibhilin,3,aibhilin.ie
Alya,3,alya.ie
Alyssia,3,alyssia.ie
Amelia-Lily,3,amelia-lily.ie
Aminah,3,aminah.ie
Anastacia,3,anastacia.ie
Anna Rose,3,anna rose.ie
Annabella,3,annabella.ie
Blair,3,blair.ie
Bridin,3,bridin.ie
Brogan,3,brogan.ie
Bushra,3,bushra.ie
Ciana,3,ciana.ie
Cici,3,cici.ie
Crea,3,crea.ie
Daisy-mae,3,daisy-mae.ie
Dania,3,dania.ie
Danni,3,danni.ie
Doroteja,3,doroteja.ie
Emie,3,emie.ie
Emilee,3,emilee.ie
Esmay,3,esmay.ie
Fleur,3,fleur.ie
Flora,3,flora.ie
Halima,3,halima.ie
Hira,3,hira.ie
Ida,3,ida.ie
Ilinca,3,ilinca.ie
Jaida,3,jaida.ie
Jules,3,jules.ie
June,3,june.ie
Kassie,3,kassie.ie
Keila,3,keila.ie
Krystal,3,krystal.ie
Lacey-Mae,3,lacey-mae.ie
Laurie,3,laurie.ie
Lexi-Mae,3,lexi-mae.ie
Lilien,3,lilien.ie
Lilyana,3,lilyana.ie
Linnea,3,linnea.ie
Luciana,3,luciana.ie
Lucille,3,lucille.ie
Lynn,3,lynn.ie
Maedhbh,3,maedhbh.ie
Manha,3,manha.ie
Margarita,3,margarita.ie
Marni,3,marni.ie
Mary-Jane,3,mary-jane.ie
Marykate,3,marykate.ie
Meadbh,3,meadbh.ie
Melani,3,melani.ie
Meta,3,meta.ie
Milita,3,milita.ie
Minha,3,minha.ie
Myla,3,myla.ie
Neela,3,neela.ie
Nellie,3,nellie.ie
Noreen,3,noreen.ie
Ornaith,3,ornaith.ie
Pauline,3,pauline.ie
Phoenix,3,phoenix.ie
Poppie,3,poppie.ie
Radha,3,radha.ie
Rahela,3,rahela.ie
Rayna,3,rayna.ie
Remy,3,remy.ie
Riadh,3,riadh.ie
Rionagh,3,rionagh.ie
Rosaleen,3,rosaleen.ie
Rosha,3,rosha.ie
Shelly,3,shelly.ie
Tilda,3,tilda.ie
Tillie,3,tillie.ie
Trudie,3,trudie.ie
Zi,3,zi.ie
Noa,3,noa.ie
Faela,3,faela.ie
Ellie mae,3,ellie mae.ie
Nainsi,3,nainsi.ie
Eabhaoin,3,eabhaoin.ie
Lora,3,lora.ie
Zelda,3,zelda.ie
Aizah,3,aizah.ie
Bella Rose,3,bella rose.ie
Dominyka,3,dominyka.ie
Effie,3,effie.ie
Elara,3,elara.ie
Faya,3,faya.ie
Hamna,3,hamna.ie
Harlee,3,harlee.ie
Hoorain,3,hoorain.ie
Juniper,3,juniper.ie
Kiaya,3,kiaya.ie
Lacey-May,3,lacey-may.ie
Madara,3,madara.ie
Molly-Mai,3,molly-mai.ie
Paisley,3,paisley.ie
Penni,3,penni.ie
Rea,3,rea.ie
Sam,3,sam.ie
Tea,3,tea.ie
Tosia,3,tosia.ie
Aahil,3,aahil.ie
Aarav,3,aarav.ie
Adas,3,adas.ie
Ailbe,3,ailbe.ie
Alby,3,alby.ie
Alec,3,alec.ie
Alistair,3,alistair.ie
Ambrose,3,ambrose.ie
Anas,3,anas.ie
Ardan,3,ardan.ie
Arkadiusz,3,arkadiusz.ie
Arman,3,arman.ie
Arnold,3,arnold.ie
Arran,3,arran.ie
Ashley,3,ashley.ie
Augustas,3,augustas.ie
Augustine,3,augustine.ie
Ayden,3,ayden.ie
Bailey,3,bailey.ie
Beniamin,3,beniamin.ie
Benny,3,benny.ie
Bentley,3,bentley.ie
Bernie,3,bernie.ie
Blaise,3,blaise.ie
Buddy,3,buddy.ie
Byron,3,byron.ie
Caedan,3,caedan.ie
Caimin,3,caimin.ie
Cain,3,cain.ie
Callen,3,callen.ie
Carlos,3,carlos.ie
Caspar,3,caspar.ie
Chad,3,chad.ie
Charley,3,charley.ie
Chulainn,3,chulainn.ie
Clive,3,clive.ie
Coby,3,coby.ie
Colby,3,colby.ie
Connla,3,connla.ie
Conrad,3,conrad.ie
Cory,3,cory.ie
Cuinn,3,cuinn.ie
Curtis,3,curtis.ie
Dale,3,dale.ie
Damir,3,damir.ie
Damon,3,damon.ie
Danas,3,danas.ie
Daniels,3,daniels.ie
Davidas,3,davidas.ie
Dwayne,3,dwayne.ie
Edgar,3,edgar.ie
Einoras,3,einoras.ie
Elisei,3,elisei.ie
Ely,3,ely.ie
Elyas,3,elyas.ie
Emilio,3,emilio.ie
Emils,3,emils.ie
Emir,3,emir.ie
Enda,3,enda.ie
Enoch,3,enoch.ie
Eryk,3,eryk.ie
Evin,3,evin.ie
Eyad,3,eyad.ie
Faustas,3,faustas.ie
Fergus,3,fergus.ie
Finlay,3,finlay.ie
Finnan,3,finnan.ie
Finnian,3,finnian.ie
Francie,3,francie.ie
Fredrick,3,fredrick.ie
Georgie,3,georgie.ie
Gordon,3,gordon.ie
Gregory,3,gregory.ie
Gus,3,gus.ie
Gustavs,3,gustavs.ie
Guy,3,guy.ie
Harlow,3,harlow.ie
Harris,3,harris.ie
Haydn,3,haydn.ie
Hendrix,3,hendrix.ie
Henri,3,henri.ie
Hussein,3,hussein.ie
Iarfhlaith,3,iarfhlaith.ie
Ibraheem,3,ibraheem.ie
Iosif,3,iosif.ie
Ivo,3,ivo.ie
Jaylen,3,jaylen.ie
Jeff,3,jeff.ie
Jensen,3,jensen.ie
Jerome,3,jerome.ie
Jett,3,jett.ie
Johan,3,johan.ie
John Paul,3,john paul.ie
Jolan,3,jolan.ie
Joris,3,joris.ie
Kade,3,kade.ie
Kailum,3,kailum.ie
Kallum,3,kallum.ie
Karim,3,karim.ie
Karter,3,karter.ie
Kasper,3,kasper.ie
Keane,3,keane.ie
Kelan,3,kelan.ie
Kennedy,3,kennedy.ie
Kingsley,3,kingsley.ie
Kobe,3,kobe.ie
Koby,3,koby.ie
Kristopher,3,kristopher.ie
Ksawery,3,ksawery.ie
Kuzey,3,kuzey.ie
Layton,3,layton.ie
Leeroy,3,leeroy.ie
Lloyd,3,lloyd.ie
Lughan,3,lughan.ie
Luis,3,luis.ie
Lukasz,3,lukasz.ie
Maidhc,3,maidhc.ie
Maison,3,maison.ie
Maitiu,3,maitiu.ie
Marks,3,marks.ie
Markuss,3,markuss.ie
Mateus,3,mateus.ie
Matheus,3,matheus.ie
Matias,3,matias.ie
Maximillian,3,maximillian.ie
Maxymilian,3,maxymilian.ie
Mazen,3,mazen.ie
Mihai,3,mihai.ie
Miley,3,miley.ie
Mitchell,3,mitchell.ie
Muiris,3,muiris.ie
Nicky,3,nicky.ie
Nikola,3,nikola.ie
Nolan,3,nolan.ie
Olivers,3,olivers.ie
Omer,3,omer.ie
Orann,3,orann.ie
Paulius,3,paulius.ie
Pavel,3,pavel.ie
Praise,3,praise.ie
Ralfs,3,ralfs.ie
Raphael,3,raphael.ie
Rares,3,rares.ie
Rayaan,3,rayaan.ie
Rizwan,3,rizwan.ie
Ronaldo,3,ronaldo.ie
Ruadh,3,ruadh.ie
Rueben,3,rueben.ie
Russell,3,russell.ie
Ryder,3,ryder.ie
Ryley,3,ryley.ie
Salman,3,salman.ie
Sawyer,3,sawyer.ie
Seadna,3,seadna.ie
Seanie,3,seanie.ie
Simonas,3,simonas.ie
Sol,3,sol.ie
Stan,3,stan.ie
Sultan,3,sultan.ie
Terence,3,terence.ie
Thady,3,thady.ie
Thor,3,thor.ie
Timotei,3,timotei.ie
Tommy-Lee,3,tommy-lee.ie
Trevor,3,trevor.ie
Valentino,3,valentino.ie
Vladimir,3,vladimir.ie
Witold,3,witold.ie
Woody,3,woody.ie
Yaman,3,yaman.ie
Yousuf,3,yousuf.ie
Yu,3,yu.ie
Zachariah,3,zachariah.ie
Zakaria,3,zakaria.ie
